{"cameraMode":{"drawMode":0,"name":"Shaded","section":"Shading Mode"},"sceneLighting":true,"audioPlay":false,"sceneViewState":{"showFog":true,"showMaterialUpdate":false,"showSkybox":true,"showFlares":true,"showImageEffects":true,"showParticleSystems":true},"in2DMode":false,"pivot":{"x":-3.5849273204803469,"y":-0.6711909174919128,"z":-6.377643585205078},"rotation":{"x":-0.24513907730579377,"y":-0.662744402885437,"z":0.24470309913158418,"w":-0.6639255285263062},"size":14.886539459228516,"orthographic":true}